s,p,o
http://www.semanticweb.org/abc/ontologies/2017/3/untitled-ontology-6#PlaysSports,http://www.w3.org/1999/02/22-rdf-syntax-ns#type,http://www.w3.org/2002/07/owl#ObjectProperty
http://www.semanticweb.org/abc/ontologies/2017/3/untitled-ontology-6#hasPM,http://www.w3.org/1999/02/22-rdf-syntax-ns#type,http://www.w3.org/2002/07/owl#ObjectProperty
http://www.semanticweb.org/abc/ontologies/2017/3/untitled-ontology-6#Cities2,http://www.w3.org/1999/02/22-rdf-syntax-ns#type,http://www.w3.org/2002/07/owl#NamedIndividual
http://www.semanticweb.org/abc/ontologies/2017/3/untitled-ontology-6#Cities2,http://www.w3.org/1999/02/22-rdf-syntax-ns#type,http://www.semanticweb.org/abc/ontologies/2017/3/untitled-ontology-6#Cities
http://www.semanticweb.org/abc/ontologies/2017/3/untitled-ontology-6#Cities2,http://www.semanticweb.org/abc/ontologies/2017/3/untitled-ontology-6#Name,Beijing
http://www.semanticweb.org/abc/ontologies/2017/3/untitled-ontology-6#Amount,http://www.w3.org/1999/02/22-rdf-syntax-ns#type,http://www.w3.org/2002/07/owl#DatatypeProperty
http://www.semanticweb.org/abc/ontologies/2017/3/untitled-ontology-6#Amount,http://www.w3.org/2000/01/rdf-schema#domain,http://www.semanticweb.org/abc/ontologies/2017/3/untitled-ontology-6#GDP
http://www.semanticweb.org/abc/ontologies/2017/3/untitled-ontology-6#Amount,http://www.w3.org/2000/01/rdf-schema#range,http://www.w3.org/2001/XMLSchema#string
http://www.semanticweb.org/abc/ontologies/2017/3/untitled-ontology-6#Money3,http://www.w3.org/1999/02/22-rdf-syntax-ns#type,http://www.w3.org/2002/07/owl#NamedIndividual
http://www.semanticweb.org/abc/ontologies/2017/3/untitled-ontology-6#Money3,http://www.w3.org/1999/02/22-rdf-syntax-ns#type,http://www.semanticweb.org/abc/ontologies/2017/3/untitled-ontology-6#Money
http://www.semanticweb.org/abc/ontologies/2017/3/untitled-ontology-6#Money3,http://www.semanticweb.org/abc/ontologies/2017/3/untitled-ontology-6#Name,Iraqi dinar
http://www.semanticweb.org/abc/ontologies/2017/3/untitled-ontology-6#Language6,http://www.w3.org/1999/02/22-rdf-syntax-ns#type,http://www.w3.org/2002/07/owl#NamedIndividual
http://www.semanticweb.org/abc/ontologies/2017/3/untitled-ontology-6#Language6,http://www.w3.org/1999/02/22-rdf-syntax-ns#type,http://www.semanticweb.org/abc/ontologies/2017/3/untitled-ontology-6#Language
http://www.semanticweb.org/abc/ontologies/2017/3/untitled-ontology-6#Language6,http://www.semanticweb.org/abc/ontologies/2017/3/untitled-ontology-6#Name,Korean
http://www.semanticweb.org/abc/ontologies/2017/3/untitled-ontology-6#ExportItem,http://www.w3.org/1999/02/22-rdf-syntax-ns#type,http://www.w3.org/2002/07/owl#Class
http://www.semanticweb.org/abc/ontologies/2017/3/untitled-ontology-6#ExportItem,http://www.w3.org/2000/01/rdf-schema#subClassOf,http://www.semanticweb.org/abc/ontologies/2017/3/untitled-ontology-6#Thing
http://www.semanticweb.org/abc/ontologies/2017/3/untitled-ontology-6#PM1,http://www.w3.org/1999/02/22-rdf-syntax-ns#type,http://www.w3.org/2002/07/owl#NamedIndividual
http://www.semanticweb.org/abc/ontologies/2017/3/untitled-ontology-6#PM1,http://www.w3.org/1999/02/22-rdf-syntax-ns#type,http://www.semanticweb.org/abc/ontologies/2017/3/untitled-ontology-6#PM
http://www.semanticweb.org/abc/ontologies/2017/3/untitled-ontology-6#PM1,http://www.semanticweb.org/abc/ontologies/2017/3/untitled-ontology-6#First_name,Narendra
http://www.semanticweb.org/abc/ontologies/2017/3/untitled-ontology-6#PM1,http://www.semanticweb.org/abc/ontologies/2017/3/untitled-ontology-6#Last_name,Modi
http://www.semanticweb.org/abc/ontologies/2017/3/untitled-ontology-6#ImportItem1,http://www.w3.org/1999/02/22-rdf-syntax-ns#type,http://www.w3.org/2002/07/owl#NamedIndividual
http://www.semanticweb.org/abc/ontologies/2017/3/untitled-ontology-6#ImportItem1,http://www.w3.org/1999/02/22-rdf-syntax-ns#type,http://www.semanticweb.org/abc/ontologies/2017/3/untitled-ontology-6#ImportItem
http://www.semanticweb.org/abc/ontologies/2017/3/untitled-ontology-6#Occupation10,http://www.w3.org/1999/02/22-rdf-syntax-ns#type,http://www.w3.org/2002/07/owl#NamedIndividual
http://www.semanticweb.org/abc/ontologies/2017/3/untitled-ontology-6#Occupation10,http://www.w3.org/1999/02/22-rdf-syntax-ns#type,http://www.semanticweb.org/abc/ontologies/2017/3/untitled-ontology-6#Occupation
http://www.semanticweb.org/abc/ontologies/2017/3/untitled-ontology-6#Government8,http://www.w3.org/1999/02/22-rdf-syntax-ns#type,http://www.w3.org/2002/07/owl#NamedIndividual
http://www.semanticweb.org/abc/ontologies/2017/3/untitled-ontology-6#Government8,http://www.w3.org/1999/02/22-rdf-syntax-ns#type,http://www.semanticweb.org/abc/ontologies/2017/3/untitled-ontology-6#Government
http://www.semanticweb.org/abc/ontologies/2017/3/untitled-ontology-6#Government8,http://www.semanticweb.org/abc/ontologies/2017/3/untitled-ontology-6#Name,Presidential system
http://www.semanticweb.org/abc/ontologies/2017/3/untitled-ontology-6#Occupation1,http://www.w3.org/1999/02/22-rdf-syntax-ns#type,http://www.w3.org/2002/07/owl#NamedIndividual
http://www.semanticweb.org/abc/ontologies/2017/3/untitled-ontology-6#Occupation1,http://www.w3.org/1999/02/22-rdf-syntax-ns#type,http://www.semanticweb.org/abc/ontologies/2017/3/untitled-ontology-6#Occupation
http://www.semanticweb.org/abc/ontologies/2017/3/untitled-ontology-6#Occupation1,http://www.semanticweb.org/abc/ontologies/2017/3/untitled-ontology-6#Name,Agriculture
http://www.semanticweb.org/abc/ontologies/2017/3/untitled-ontology-6#Pakistan,http://www.w3.org/1999/02/22-rdf-syntax-ns#type,http://www.w3.org/2002/07/owl#Class
http://www.semanticweb.org/abc/ontologies/2017/3/untitled-ontology-6#Pakistan,http://www.w3.org/2000/01/rdf-schema#subClassOf,http://www.semanticweb.org/abc/ontologies/2017/3/untitled-ontology-6#Country
http://www.semanticweb.org/abc/ontologies/2017/3/untitled-ontology-6#GDP4,http://www.w3.org/1999/02/22-rdf-syntax-ns#type,http://www.w3.org/2002/07/owl#NamedIndividual
http://www.semanticweb.org/abc/ontologies/2017/3/untitled-ontology-6#GDP4,http://www.w3.org/1999/02/22-rdf-syntax-ns#type,http://www.semanticweb.org/abc/ontologies/2017/3/untitled-ontology-6#GDP
http://www.semanticweb.org/abc/ontologies/2017/3/untitled-ontology-6#GDP4,http://www.semanticweb.org/abc/ontologies/2017/3/untitled-ontology-6#Amount,"38,633.71 USD"
http://www.semanticweb.org/abc/ontologies/2017/3/untitled-ontology-6#MemberOf,http://www.w3.org/1999/02/22-rdf-syntax-ns#type,http://www.w3.org/2002/07/owl#ObjectProperty
http://www.semanticweb.org/abc/ontologies/2017/3/untitled-ontology-6#Government2,http://www.w3.org/1999/02/22-rdf-syntax-ns#type,http://www.w3.org/2002/07/owl#NamedIndividual
http://www.semanticweb.org/abc/ontologies/2017/3/untitled-ontology-6#Government2,http://www.w3.org/1999/02/22-rdf-syntax-ns#type,http://www.semanticweb.org/abc/ontologies/2017/3/untitled-ontology-6#Government
http://www.semanticweb.org/abc/ontologies/2017/3/untitled-ontology-6#Government2,http://www.semanticweb.org/abc/ontologies/2017/3/untitled-ontology-6#Name,Communist state
http://www.semanticweb.org/abc/ontologies/2017/3/untitled-ontology-6#ExportItem8,http://www.w3.org/1999/02/22-rdf-syntax-ns#type,http://www.w3.org/2002/07/owl#NamedIndividual
http://www.semanticweb.org/abc/ontologies/2017/3/untitled-ontology-6#ExportItem8,http://www.w3.org/1999/02/22-rdf-syntax-ns#type,http://www.semanticweb.org/abc/ontologies/2017/3/untitled-ontology-6#ExportItem
http://www.semanticweb.org/abc/ontologies/2017/3/untitled-ontology-6#ExportItem8,http://www.semanticweb.org/abc/ontologies/2017/3/untitled-ontology-6#Name,Semiconductors
http://www.semanticweb.org/abc/ontologies/2017/3/untitled-ontology-6#Cities7,http://www.w3.org/1999/02/22-rdf-syntax-ns#type,http://www.w3.org/2002/07/owl#NamedIndividual
http://www.semanticweb.org/abc/ontologies/2017/3/untitled-ontology-6#Cities7,http://www.w3.org/1999/02/22-rdf-syntax-ns#type,http://www.semanticweb.org/abc/ontologies/2017/3/untitled-ontology-6#Cities
http://www.semanticweb.org/abc/ontologies/2017/3/untitled-ontology-6#Cities7,http://www.semanticweb.org/abc/ontologies/2017/3/untitled-ontology-6#Name,Islamabad
http://www.semanticweb.org/abc/ontologies/2017/3/untitled-ontology-6#Money8,http://www.w3.org/1999/02/22-rdf-syntax-ns#type,http://www.w3.org/2002/07/owl#NamedIndividual
http://www.semanticweb.org/abc/ontologies/2017/3/untitled-ontology-6#Money8,http://www.w3.org/1999/02/22-rdf-syntax-ns#type,http://www.semanticweb.org/abc/ontologies/2017/3/untitled-ontology-6#Money
http://www.semanticweb.org/abc/ontologies/2017/3/untitled-ontology-6#Money8,http://www.semanticweb.org/abc/ontologies/2017/3/untitled-ontology-6#Name,South Korean won
http://www.semanticweb.org/abc/ontologies/2017/3/untitled-ontology-6#First_name,http://www.w3.org/1999/02/22-rdf-syntax-ns#type,http://www.w3.org/2002/07/owl#DatatypeProperty
http://www.semanticweb.org/abc/ontologies/2017/3/untitled-ontology-6#First_name,http://www.w3.org/2000/01/rdf-schema#domain,http://www.semanticweb.org/abc/ontologies/2017/3/untitled-ontology-6#Person
http://www.semanticweb.org/abc/ontologies/2017/3/untitled-ontology-6#First_name,http://www.w3.org/2000/01/rdf-schema#range,http://www.w3.org/2001/XMLSchema#string
http://www.semanticweb.org/abc/ontologies/2017/3/untitled-ontology-6#imports,http://www.w3.org/1999/02/22-rdf-syntax-ns#type,http://www.w3.org/2002/07/owl#ObjectProperty
http://www.semanticweb.org/abc/ontologies/2017/3/untitled-ontology-6#PM6,http://www.w3.org/1999/02/22-rdf-syntax-ns#type,http://www.w3.org/2002/07/owl#NamedIndividual
http://www.semanticweb.org/abc/ontologies/2017/3/untitled-ontology-6#PM6,http://www.w3.org/1999/02/22-rdf-syntax-ns#type,http://www.semanticweb.org/abc/ontologies/2017/3/untitled-ontology-6#PM
http://www.semanticweb.org/abc/ontologies/2017/3/untitled-ontology-6#PM6,http://www.semanticweb.org/abc/ontologies/2017/3/untitled-ontology-6#First_name,Kim
http://www.semanticweb.org/abc/ontologies/2017/3/untitled-ontology-6#PM6,http://www.semanticweb.org/abc/ontologies/2017/3/untitled-ontology-6#Last_name,Jong-un
http://www.semanticweb.org/abc/ontologies/2017/3/untitled-ontology-6#ImportItem6,http://www.w3.org/1999/02/22-rdf-syntax-ns#type,http://www.w3.org/2002/07/owl#NamedIndividual
http://www.semanticweb.org/abc/ontologies/2017/3/untitled-ontology-6#ImportItem6,http://www.w3.org/1999/02/22-rdf-syntax-ns#type,http://www.semanticweb.org/abc/ontologies/2017/3/untitled-ontology-6#ImportItem
http://www.semanticweb.org/abc/ontologies/2017/3/untitled-ontology-6#Cities1,http://www.w3.org/1999/02/22-rdf-syntax-ns#type,http://www.w3.org/2002/07/owl#NamedIndividual
http://www.semanticweb.org/abc/ontologies/2017/3/untitled-ontology-6#Cities1,http://www.w3.org/1999/02/22-rdf-syntax-ns#type,http://www.semanticweb.org/abc/ontologies/2017/3/untitled-ontology-6#Cities
http://www.semanticweb.org/abc/ontologies/2017/3/untitled-ontology-6#Cities1,http://www.semanticweb.org/abc/ontologies/2017/3/untitled-ontology-6#Name,New Delhi
http://www.semanticweb.org/abc/ontologies/2017/3/untitled-ontology-6#Religion5,http://www.w3.org/1999/02/22-rdf-syntax-ns#type,http://www.w3.org/2002/07/owl#NamedIndividual
http://www.semanticweb.org/abc/ontologies/2017/3/untitled-ontology-6#Religion5,http://www.w3.org/1999/02/22-rdf-syntax-ns#type,http://www.semanticweb.org/abc/ontologies/2017/3/untitled-ontology-6#Religion
http://www.semanticweb.org/abc/ontologies/2017/3/untitled-ontology-6#Religion5,http://www.semanticweb.org/abc/ontologies/2017/3/untitled-ontology-6#Name,Confucianism
http://www.semanticweb.org/abc/ontologies/2017/3/untitled-ontology-6#ExportItem2,http://www.w3.org/1999/02/22-rdf-syntax-ns#type,http://www.w3.org/2002/07/owl#NamedIndividual
http://www.semanticweb.org/abc/ontologies/2017/3/untitled-ontology-6#ExportItem2,http://www.w3.org/1999/02/22-rdf-syntax-ns#type,http://www.semanticweb.org/abc/ontologies/2017/3/untitled-ontology-6#ExportItem
http://www.semanticweb.org/abc/ontologies/2017/3/untitled-ontology-6#ExportItem2,http://www.semanticweb.org/abc/ontologies/2017/3/untitled-ontology-6#Name,Electronic Equipments
http://www.semanticweb.org/abc/ontologies/2017/3/untitled-ontology-6#Occupation6,http://www.w3.org/1999/02/22-rdf-syntax-ns#type,http://www.w3.org/2002/07/owl#NamedIndividual
http://www.semanticweb.org/abc/ontologies/2017/3/untitled-ontology-6#Occupation6,http://www.w3.org/1999/02/22-rdf-syntax-ns#type,http://www.semanticweb.org/abc/ontologies/2017/3/untitled-ontology-6#Occupation
http://www.semanticweb.org/abc/ontologies/2017/3/untitled-ontology-6#Thailand,http://www.w3.org/1999/02/22-rdf-syntax-ns#type,http://www.w3.org/2002/07/owl#Class
http://www.semanticweb.org/abc/ontologies/2017/3/untitled-ontology-6#Thailand,http://www.w3.org/2000/01/rdf-schema#subClassOf,http://www.semanticweb.org/abc/ontologies/2017/3/untitled-ontology-6#Country
http://www.semanticweb.org/abc/ontologies/2017/3/untitled-ontology-6#Money2,http://www.w3.org/1999/02/22-rdf-syntax-ns#type,http://www.w3.org/2002/07/owl#NamedIndividual
http://www.semanticweb.org/abc/ontologies/2017/3/untitled-ontology-6#Money2,http://www.w3.org/1999/02/22-rdf-syntax-ns#type,http://www.semanticweb.org/abc/ontologies/2017/3/untitled-ontology-6#Money
http://www.semanticweb.org/abc/ontologies/2017/3/untitled-ontology-6#Money2,http://www.semanticweb.org/abc/ontologies/2017/3/untitled-ontology-6#Name,Renminbi
http://www.semanticweb.org/abc/ontologies/2017/3/untitled-ontology-6#PM,http://www.w3.org/1999/02/22-rdf-syntax-ns#type,http://www.w3.org/2002/07/owl#Class
http://www.semanticweb.org/abc/ontologies/2017/3/untitled-ontology-6#PM,http://www.w3.org/2000/01/rdf-schema#subClassOf,http://www.semanticweb.org/abc/ontologies/2017/3/untitled-ontology-6#Person
http://www.semanticweb.org/abc/ontologies/2017/3/untitled-ontology-6#Language5,http://www.w3.org/1999/02/22-rdf-syntax-ns#type,http://www.w3.org/2002/07/owl#NamedIndividual
http://www.semanticweb.org/abc/ontologies/2017/3/untitled-ontology-6#Language5,http://www.w3.org/1999/02/22-rdf-syntax-ns#type,http://www.semanticweb.org/abc/ontologies/2017/3/untitled-ontology-6#Language
http://www.semanticweb.org/abc/ontologies/2017/3/untitled-ontology-6#Language5,http://www.semanticweb.org/abc/ontologies/2017/3/untitled-ontology-6#Name,Nepali
http://www.semanticweb.org/abc/ontologies/2017/3/untitled-ontology-6#GDP9,http://www.w3.org/1999/02/22-rdf-syntax-ns#type,http://www.w3.org/2002/07/owl#NamedIndividual
http://www.semanticweb.org/abc/ontologies/2017/3/untitled-ontology-6#GDP9,http://www.w3.org/1999/02/22-rdf-syntax-ns#type,http://www.semanticweb.org/abc/ontologies/2017/3/untitled-ontology-6#GDP
http://www.semanticweb.org/abc/ontologies/2017/3/untitled-ontology-6#GDP9,http://www.semanticweb.org/abc/ontologies/2017/3/untitled-ontology-6#Amount,"3,279.89 USD"
http://www.semanticweb.org/abc/ontologies/2017/3/untitled-ontology-6#Cities,http://www.w3.org/1999/02/22-rdf-syntax-ns#type,http://www.w3.org/2002/07/owl#Class
http://www.semanticweb.org/abc/ontologies/2017/3/untitled-ontology-6#Cities,http://www.w3.org/2000/01/rdf-schema#subClassOf,http://www.semanticweb.org/abc/ontologies/2017/3/untitled-ontology-6#Thing
http://www.semanticweb.org/abc/ontologies/2017/3/untitled-ontology-6#Government7,http://www.w3.org/1999/02/22-rdf-syntax-ns#type,http://www.w3.org/2002/07/owl#NamedIndividual
http://www.semanticweb.org/abc/ontologies/2017/3/untitled-ontology-6#Government7,http://www.w3.org/1999/02/22-rdf-syntax-ns#type,http://www.semanticweb.org/abc/ontologies/2017/3/untitled-ontology-6#Government
http://www.semanticweb.org/abc/ontologies/2017/3/untitled-ontology-6#Government7,http://www.semanticweb.org/abc/ontologies/2017/3/untitled-ontology-6#Name,Islamic republic
http://www.semanticweb.org/abc/ontologies/2017/3/untitled-ontology-6#GDP10,http://www.w3.org/1999/02/22-rdf-syntax-ns#type,http://www.w3.org/2002/07/owl#NamedIndividual
http://www.semanticweb.org/abc/ontologies/2017/3/untitled-ontology-6#GDP10,http://www.w3.org/1999/02/22-rdf-syntax-ns#type,http://www.semanticweb.org/abc/ontologies/2017/3/untitled-ontology-6#GDP
http://www.semanticweb.org/abc/ontologies/2017/3/untitled-ontology-6#GDP10,http://www.semanticweb.org/abc/ontologies/2017/3/untitled-ontology-6#Amount,"5,778.98 USD"
http://www.semanticweb.org/abc/ontologies/2017/3/untitled-ontology-6#religion,http://www.w3.org/1999/02/22-rdf-syntax-ns#type,http://www.w3.org/2002/07/owl#ObjectProperty
http://www.semanticweb.org/abc/ontologies/2017/3/untitled-ontology-6#Mountains,http://www.w3.org/1999/02/22-rdf-syntax-ns#type,http://www.w3.org/2002/07/owl#Class
http://www.semanticweb.org/abc/ontologies/2017/3/untitled-ontology-6#Mountains,http://www.w3.org/2000/01/rdf-schema#subClassOf,http://www.semanticweb.org/abc/ontologies/2017/3/untitled-ontology-6#Thing
http://www.semanticweb.org/abc/ontologies/2017/3/untitled-ontology-6#GDP3,http://www.w3.org/1999/02/22-rdf-syntax-ns#type,http://www.w3.org/2002/07/owl#NamedIndividual
http://www.semanticweb.org/abc/ontologies/2017/3/untitled-ontology-6#GDP3,http://www.w3.org/1999/02/22-rdf-syntax-ns#type,http://www.semanticweb.org/abc/ontologies/2017/3/untitled-ontology-6#GDP
http://www.semanticweb.org/abc/ontologies/2017/3/untitled-ontology-6#GDP3,http://www.semanticweb.org/abc/ontologies/2017/3/untitled-ontology-6#Amount,"6,862.50 USD"
http://www.semanticweb.org/abc/ontologies/2017/3/untitled-ontology-6#Government1,http://www.w3.org/1999/02/22-rdf-syntax-ns#type,http://www.w3.org/2002/07/owl#NamedIndividual
http://www.semanticweb.org/abc/ontologies/2017/3/untitled-ontology-6#Government1,http://www.w3.org/1999/02/22-rdf-syntax-ns#type,http://www.semanticweb.org/abc/ontologies/2017/3/untitled-ontology-6#Government
http://www.semanticweb.org/abc/ontologies/2017/3/untitled-ontology-6#Government1,http://www.semanticweb.org/abc/ontologies/2017/3/untitled-ontology-6#Name,Parliamentary system
http://www.semanticweb.org/abc/ontologies/2017/3/untitled-ontology-6#ExportItem7,http://www.w3.org/1999/02/22-rdf-syntax-ns#type,http://www.w3.org/2002/07/owl#NamedIndividual
http://www.semanticweb.org/abc/ontologies/2017/3/untitled-ontology-6#ExportItem7,http://www.w3.org/1999/02/22-rdf-syntax-ns#type,http://www.semanticweb.org/abc/ontologies/2017/3/untitled-ontology-6#ExportItem
http://www.semanticweb.org/abc/ontologies/2017/3/untitled-ontology-6#ExportItem7,http://www.semanticweb.org/abc/ontologies/2017/3/untitled-ontology-6#Name,Cotton
http://www.semanticweb.org/abc/ontologies/2017/3/untitled-ontology-6#Cities6,http://www.w3.org/1999/02/22-rdf-syntax-ns#type,http://www.w3.org/2002/07/owl#NamedIndividual
http://www.semanticweb.org/abc/ontologies/2017/3/untitled-ontology-6#Cities6,http://www.w3.org/1999/02/22-rdf-syntax-ns#type,http://www.semanticweb.org/abc/ontologies/2017/3/untitled-ontology-6#Cities
http://www.semanticweb.org/abc/ontologies/2017/3/untitled-ontology-6#Cities6,http://www.semanticweb.org/abc/ontologies/2017/3/untitled-ontology-6#Name,Pyongyang
http://www.semanticweb.org/abc/ontologies/2017/3/untitled-ontology-6#Government,http://www.w3.org/1999/02/22-rdf-syntax-ns#type,http://www.w3.org/2002/07/owl#Class
http://www.semanticweb.org/abc/ontologies/2017/3/untitled-ontology-6#Government,http://www.w3.org/2000/01/rdf-schema#subClassOf,http://www.semanticweb.org/abc/ontologies/2017/3/untitled-ontology-6#Thing
http://www.semanticweb.org/abc/ontologies/2017/3/untitled-ontology-6#Money7,http://www.w3.org/1999/02/22-rdf-syntax-ns#type,http://www.w3.org/2002/07/owl#NamedIndividual
http://www.semanticweb.org/abc/ontologies/2017/3/untitled-ontology-6#Money7,http://www.w3.org/1999/02/22-rdf-syntax-ns#type,http://www.semanticweb.org/abc/ontologies/2017/3/untitled-ontology-6#Money
http://www.semanticweb.org/abc/ontologies/2017/3/untitled-ontology-6#Money7,http://www.semanticweb.org/abc/ontologies/2017/3/untitled-ontology-6#Name,Pakistani rupee
http://www.semanticweb.org/abc/ontologies/2017/3/untitled-ontology-6#India,http://www.w3.org/1999/02/22-rdf-syntax-ns#type,http://www.w3.org/2002/07/owl#Class
http://www.semanticweb.org/abc/ontologies/2017/3/untitled-ontology-6#India,http://www.w3.org/2000/01/rdf-schema#subClassOf,http://www.semanticweb.org/abc/ontologies/2017/3/untitled-ontology-6#Country
http://www.semanticweb.org/abc/ontologies/2017/3/untitled-ontology-6#PM5,http://www.w3.org/1999/02/22-rdf-syntax-ns#type,http://www.w3.org/2002/07/owl#NamedIndividual
http://www.semanticweb.org/abc/ontologies/2017/3/untitled-ontology-6#PM5,http://www.w3.org/1999/02/22-rdf-syntax-ns#type,http://www.semanticweb.org/abc/ontologies/2017/3/untitled-ontology-6#PM
http://www.semanticweb.org/abc/ontologies/2017/3/untitled-ontology-6#PM5,http://www.semanticweb.org/abc/ontologies/2017/3/untitled-ontology-6#First_name,Pushpa
http://www.semanticweb.org/abc/ontologies/2017/3/untitled-ontology-6#PM5,http://www.semanticweb.org/abc/ontologies/2017/3/untitled-ontology-6#Last_name,Kamal Dahal
http://www.semanticweb.org/abc/ontologies/2017/3/untitled-ontology-6#ImportItem5,http://www.w3.org/1999/02/22-rdf-syntax-ns#type,http://www.w3.org/2002/07/owl#NamedIndividual
http://www.semanticweb.org/abc/ontologies/2017/3/untitled-ontology-6#ImportItem5,http://www.w3.org/1999/02/22-rdf-syntax-ns#type,http://www.semanticweb.org/abc/ontologies/2017/3/untitled-ontology-6#ImportItem
http://www.semanticweb.org/abc/ontologies/2017/3/untitled-ontology-6#ExportItem1,http://www.w3.org/1999/02/22-rdf-syntax-ns#type,http://www.w3.org/2002/07/owl#NamedIndividual
http://www.semanticweb.org/abc/ontologies/2017/3/untitled-ontology-6#ExportItem1,http://www.w3.org/1999/02/22-rdf-syntax-ns#type,http://www.semanticweb.org/abc/ontologies/2017/3/untitled-ontology-6#ExportItem
http://www.semanticweb.org/abc/ontologies/2017/3/untitled-ontology-6#ExportItem1,http://www.semanticweb.org/abc/ontologies/2017/3/untitled-ontology-6#Name,Petroleum products
http://www.semanticweb.org/abc/ontologies/2017/3/untitled-ontology-6#Religion4,http://www.w3.org/1999/02/22-rdf-syntax-ns#type,http://www.w3.org/2002/07/owl#NamedIndividual
http://www.semanticweb.org/abc/ontologies/2017/3/untitled-ontology-6#Religion4,http://www.w3.org/1999/02/22-rdf-syntax-ns#type,http://www.semanticweb.org/abc/ontologies/2017/3/untitled-ontology-6#Religion
http://www.semanticweb.org/abc/ontologies/2017/3/untitled-ontology-6#Religion4,http://www.semanticweb.org/abc/ontologies/2017/3/untitled-ontology-6#Name,Shinto
http://www.semanticweb.org/abc/ontologies/2017/3/untitled-ontology-6#Occupation5,http://www.w3.org/1999/02/22-rdf-syntax-ns#type,http://www.w3.org/2002/07/owl#NamedIndividual
http://www.semanticweb.org/abc/ontologies/2017/3/untitled-ontology-6#Occupation5,http://www.w3.org/1999/02/22-rdf-syntax-ns#type,http://www.semanticweb.org/abc/ontologies/2017/3/untitled-ontology-6#Occupation
http://www.semanticweb.org/abc/ontologies/2017/3/untitled-ontology-6#Money1,http://www.w3.org/1999/02/22-rdf-syntax-ns#type,http://www.w3.org/2002/07/owl#NamedIndividual
http://www.semanticweb.org/abc/ontologies/2017/3/untitled-ontology-6#Money1,http://www.w3.org/1999/02/22-rdf-syntax-ns#type,http://www.semanticweb.org/abc/ontologies/2017/3/untitled-ontology-6#Money
http://www.semanticweb.org/abc/ontologies/2017/3/untitled-ontology-6#Money1,http://www.semanticweb.org/abc/ontologies/2017/3/untitled-ontology-6#Name,Indian rupee
http://www.semanticweb.org/abc/ontologies/2017/3/untitled-ontology-6#Language4,http://www.w3.org/1999/02/22-rdf-syntax-ns#type,http://www.w3.org/2002/07/owl#NamedIndividual
http://www.semanticweb.org/abc/ontologies/2017/3/untitled-ontology-6#Language4,http://www.w3.org/1999/02/22-rdf-syntax-ns#type,http://www.semanticweb.org/abc/ontologies/2017/3/untitled-ontology-6#Language
http://www.semanticweb.org/abc/ontologies/2017/3/untitled-ontology-6#Language4,http://www.semanticweb.org/abc/ontologies/2017/3/untitled-ontology-6#Name,Japanese
http://www.semanticweb.org/abc/ontologies/2017/3/untitled-ontology-6#Rulers,http://www.w3.org/1999/02/22-rdf-syntax-ns#type,http://www.w3.org/2002/07/owl#Class
http://www.semanticweb.org/abc/ontologies/2017/3/untitled-ontology-6#Rulers,http://www.w3.org/2000/01/rdf-schema#subClassOf,http://www.semanticweb.org/abc/ontologies/2017/3/untitled-ontology-6#Person
http://www.semanticweb.org/abc/ontologies/2017/3/untitled-ontology-6#SouthKorea,http://www.w3.org/1999/02/22-rdf-syntax-ns#type,http://www.w3.org/2002/07/owl#Class
http://www.semanticweb.org/abc/ontologies/2017/3/untitled-ontology-6#SouthKorea,http://www.w3.org/2000/01/rdf-schema#subClassOf,http://www.semanticweb.org/abc/ontologies/2017/3/untitled-ontology-6#Country
http://www.semanticweb.org/abc/ontologies/2017/3/untitled-ontology-6#GDP8,http://www.w3.org/1999/02/22-rdf-syntax-ns#type,http://www.w3.org/2002/07/owl#NamedIndividual
http://www.semanticweb.org/abc/ontologies/2017/3/untitled-ontology-6#GDP8,http://www.w3.org/1999/02/22-rdf-syntax-ns#type,http://www.semanticweb.org/abc/ontologies/2017/3/untitled-ontology-6#GDP
http://www.semanticweb.org/abc/ontologies/2017/3/untitled-ontology-6#GDP8,http://www.semanticweb.org/abc/ontologies/2017/3/untitled-ontology-6#Amount,"25,976.95 USD"
http://www.semanticweb.org/abc/ontologies/2017/3/untitled-ontology-6#Government6,http://www.w3.org/1999/02/22-rdf-syntax-ns#type,http://www.w3.org/2002/07/owl#NamedIndividual
http://www.semanticweb.org/abc/ontologies/2017/3/untitled-ontology-6#Government6,http://www.w3.org/1999/02/22-rdf-syntax-ns#type,http://www.semanticweb.org/abc/ontologies/2017/3/untitled-ontology-6#Government
http://www.semanticweb.org/abc/ontologies/2017/3/untitled-ontology-6#Government6,http://www.semanticweb.org/abc/ontologies/2017/3/untitled-ontology-6#Name,Totalitarianism
http://www.semanticweb.org/abc/ontologies/2017/3/untitled-ontology-6#TypeOfGov,http://www.w3.org/1999/02/22-rdf-syntax-ns#type,http://www.w3.org/2002/07/owl#ObjectProperty
http://www.semanticweb.org/abc/ontologies/2017/3/untitled-ontology-6#FormerRulers,http://www.w3.org/1999/02/22-rdf-syntax-ns#type,http://www.w3.org/2002/07/owl#ObjectProperty
http://www.semanticweb.org/abc/ontologies/2017/3/untitled-ontology-6#Country,http://www.w3.org/1999/02/22-rdf-syntax-ns#type,http://www.w3.org/2002/07/owl#Class
http://www.semanticweb.org/abc/ontologies/2017/3/untitled-ontology-6#GDP2,http://www.w3.org/1999/02/22-rdf-syntax-ns#type,http://www.w3.org/2002/07/owl#NamedIndividual
http://www.semanticweb.org/abc/ontologies/2017/3/untitled-ontology-6#GDP2,http://www.w3.org/1999/02/22-rdf-syntax-ns#type,http://www.semanticweb.org/abc/ontologies/2017/3/untitled-ontology-6#GDP
http://www.semanticweb.org/abc/ontologies/2017/3/untitled-ontology-6#GDP2,http://www.semanticweb.org/abc/ontologies/2017/3/untitled-ontology-6#Amount,"6,807.43 USD"
http://www.semanticweb.org/abc/ontologies/2017/3/untitled-ontology-6#Nepal,http://www.w3.org/1999/02/22-rdf-syntax-ns#type,http://www.w3.org/2002/07/owl#Class
http://www.semanticweb.org/abc/ontologies/2017/3/untitled-ontology-6#Nepal,http://www.w3.org/2000/01/rdf-schema#subClassOf,http://www.semanticweb.org/abc/ontologies/2017/3/untitled-ontology-6#Country
http://www.semanticweb.org/abc/ontologies/2017/3/untitled-ontology-6#exports,http://www.w3.org/1999/02/22-rdf-syntax-ns#type,http://www.w3.org/2002/07/owl#ObjectProperty
http://www.semanticweb.org/abc/ontologies/2017/3/untitled-ontology-6#ExportItem6,http://www.w3.org/1999/02/22-rdf-syntax-ns#type,http://www.w3.org/2002/07/owl#NamedIndividual
http://www.semanticweb.org/abc/ontologies/2017/3/untitled-ontology-6#ExportItem6,http://www.w3.org/1999/02/22-rdf-syntax-ns#type,http://www.semanticweb.org/abc/ontologies/2017/3/untitled-ontology-6#ExportItem
http://www.semanticweb.org/abc/ontologies/2017/3/untitled-ontology-6#ExportItem6,http://www.semanticweb.org/abc/ontologies/2017/3/untitled-ontology-6#Name,Minerals
http://www.semanticweb.org/abc/ontologies/2017/3/untitled-ontology-6#Religion9,http://www.w3.org/1999/02/22-rdf-syntax-ns#type,http://www.w3.org/2002/07/owl#NamedIndividual
http://www.semanticweb.org/abc/ontologies/2017/3/untitled-ontology-6#Religion9,http://www.w3.org/1999/02/22-rdf-syntax-ns#type,http://www.semanticweb.org/abc/ontologies/2017/3/untitled-ontology-6#Religion
http://www.semanticweb.org/abc/ontologies/2017/3/untitled-ontology-6#Religion9,http://www.semanticweb.org/abc/ontologies/2017/3/untitled-ontology-6#Name,Shamanism
http://www.semanticweb.org/abc/ontologies/2017/3/untitled-ontology-6#HasMountains,http://www.w3.org/1999/02/22-rdf-syntax-ns#type,http://www.w3.org/2002/07/owl#ObjectProperty
http://www.semanticweb.org/abc/ontologies/2017/3/untitled-ontology-6#Cities5,http://www.w3.org/1999/02/22-rdf-syntax-ns#type,http://www.w3.org/2002/07/owl#NamedIndividual
http://www.semanticweb.org/abc/ontologies/2017/3/untitled-ontology-6#Cities5,http://www.w3.org/1999/02/22-rdf-syntax-ns#type,http://www.semanticweb.org/abc/ontologies/2017/3/untitled-ontology-6#Cities
http://www.semanticweb.org/abc/ontologies/2017/3/untitled-ontology-6#Cities5,http://www.semanticweb.org/abc/ontologies/2017/3/untitled-ontology-6#Name,Kathmandu
http://www.semanticweb.org/abc/ontologies/2017/3/untitled-ontology-6#Japan,http://www.w3.org/1999/02/22-rdf-syntax-ns#type,http://www.w3.org/2002/07/owl#Class
http://www.semanticweb.org/abc/ontologies/2017/3/untitled-ontology-6#Japan,http://www.w3.org/2000/01/rdf-schema#subClassOf,http://www.semanticweb.org/abc/ontologies/2017/3/untitled-ontology-6#Country
http://www.semanticweb.org/abc/ontologies/2017/3/untitled-ontology-6#Money6,http://www.w3.org/1999/02/22-rdf-syntax-ns#type,http://www.w3.org/2002/07/owl#NamedIndividual
http://www.semanticweb.org/abc/ontologies/2017/3/untitled-ontology-6#Money6,http://www.w3.org/1999/02/22-rdf-syntax-ns#type,http://www.semanticweb.org/abc/ontologies/2017/3/untitled-ontology-6#Money
http://www.semanticweb.org/abc/ontologies/2017/3/untitled-ontology-6#Money6,http://www.semanticweb.org/abc/ontologies/2017/3/untitled-ontology-6#Name,North Korean won
http://www.semanticweb.org/abc/ontologies/2017/3/untitled-ontology-6#ExportItem10,http://www.w3.org/1999/02/22-rdf-syntax-ns#type,http://www.w3.org/2002/07/owl#NamedIndividual
http://www.semanticweb.org/abc/ontologies/2017/3/untitled-ontology-6#ExportItem10,http://www.w3.org/1999/02/22-rdf-syntax-ns#type,http://www.semanticweb.org/abc/ontologies/2017/3/untitled-ontology-6#ExportItem
http://www.semanticweb.org/abc/ontologies/2017/3/untitled-ontology-6#ExportItem10,http://www.semanticweb.org/abc/ontologies/2017/3/untitled-ontology-6#Name,Computers
http://www.semanticweb.org/abc/ontologies/2017/3/untitled-ontology-6#Language9,http://www.w3.org/1999/02/22-rdf-syntax-ns#type,http://www.w3.org/2002/07/owl#NamedIndividual
http://www.semanticweb.org/abc/ontologies/2017/3/untitled-ontology-6#Language9,http://www.w3.org/1999/02/22-rdf-syntax-ns#type,http://www.semanticweb.org/abc/ontologies/2017/3/untitled-ontology-6#Language
http://www.semanticweb.org/abc/ontologies/2017/3/untitled-ontology-6#Language9,http://www.semanticweb.org/abc/ontologies/2017/3/untitled-ontology-6#Name,Tamil
http://www.semanticweb.org/abc/ontologies/2017/3/untitled-ontology-6#Money,http://www.w3.org/1999/02/22-rdf-syntax-ns#type,http://www.w3.org/2002/07/owl#Class
http://www.semanticweb.org/abc/ontologies/2017/3/untitled-ontology-6#Money,http://www.w3.org/2000/01/rdf-schema#subClassOf,http://www.semanticweb.org/abc/ontologies/2017/3/untitled-ontology-6#Thing
http://www.semanticweb.org/abc/ontologies/2017/3/untitled-ontology-6#currency,http://www.w3.org/1999/02/22-rdf-syntax-ns#type,http://www.w3.org/2002/07/owl#ObjectProperty
http://www.semanticweb.org/abc/ontologies/2017/3/untitled-ontology-6#PM4,http://www.w3.org/1999/02/22-rdf-syntax-ns#type,http://www.w3.org/2002/07/owl#NamedIndividual
http://www.semanticweb.org/abc/ontologies/2017/3/untitled-ontology-6#PM4,http://www.w3.org/1999/02/22-rdf-syntax-ns#type,http://www.semanticweb.org/abc/ontologies/2017/3/untitled-ontology-6#PM
http://www.semanticweb.org/abc/ontologies/2017/3/untitled-ontology-6#PM4,http://www.semanticweb.org/abc/ontologies/2017/3/untitled-ontology-6#First_name,Shinz≈ç
http://www.semanticweb.org/abc/ontologies/2017/3/untitled-ontology-6#PM4,http://www.semanticweb.org/abc/ontologies/2017/3/untitled-ontology-6#Last_name,Abe
http://www.semanticweb.org/abc/ontologies/2017/3/untitled-ontology-6#ImportItem4,http://www.w3.org/1999/02/22-rdf-syntax-ns#type,http://www.w3.org/2002/07/owl#NamedIndividual
http://www.semanticweb.org/abc/ontologies/2017/3/untitled-ontology-6#ImportItem4,http://www.w3.org/1999/02/22-rdf-syntax-ns#type,http://www.semanticweb.org/abc/ontologies/2017/3/untitled-ontology-6#ImportItem
http://www.semanticweb.org/abc/ontologies/2017/3/untitled-ontology-6#NorthKorea,http://www.w3.org/1999/02/22-rdf-syntax-ns#type,http://www.w3.org/2002/07/owl#Class
http://www.semanticweb.org/abc/ontologies/2017/3/untitled-ontology-6#NorthKorea,http://www.w3.org/2000/01/rdf-schema#subClassOf,http://www.semanticweb.org/abc/ontologies/2017/3/untitled-ontology-6#Country
http://www.semanticweb.org/abc/ontologies/2017/3/untitled-ontology-6#Religion,http://www.w3.org/1999/02/22-rdf-syntax-ns#type,http://www.w3.org/2002/07/owl#Class
http://www.semanticweb.org/abc/ontologies/2017/3/untitled-ontology-6#Religion,http://www.w3.org/2000/01/rdf-schema#subClassOf,http://www.semanticweb.org/abc/ontologies/2017/3/untitled-ontology-6#Thing
http://www.semanticweb.org/abc/ontologies/2017/3/untitled-ontology-6#capital,http://www.w3.org/1999/02/22-rdf-syntax-ns#type,http://www.w3.org/2002/07/owl#ObjectProperty
http://www.semanticweb.org/abc/ontologies/2017/3/untitled-ontology-6#PM10,http://www.w3.org/1999/02/22-rdf-syntax-ns#type,http://www.w3.org/2002/07/owl#NamedIndividual
http://www.semanticweb.org/abc/ontologies/2017/3/untitled-ontology-6#PM10,http://www.w3.org/1999/02/22-rdf-syntax-ns#type,http://www.semanticweb.org/abc/ontologies/2017/3/untitled-ontology-6#PM
http://www.semanticweb.org/abc/ontologies/2017/3/untitled-ontology-6#PM10,http://www.semanticweb.org/abc/ontologies/2017/3/untitled-ontology-6#First_name,Prayuth
http://www.semanticweb.org/abc/ontologies/2017/3/untitled-ontology-6#PM10,http://www.semanticweb.org/abc/ontologies/2017/3/untitled-ontology-6#Last_name,Chan-ocha
http://www.semanticweb.org/abc/ontologies/2017/3/untitled-ontology-6#Religion3,http://www.w3.org/1999/02/22-rdf-syntax-ns#type,http://www.w3.org/2002/07/owl#NamedIndividual
http://www.semanticweb.org/abc/ontologies/2017/3/untitled-ontology-6#Religion3,http://www.w3.org/1999/02/22-rdf-syntax-ns#type,http://www.semanticweb.org/abc/ontologies/2017/3/untitled-ontology-6#Religion
http://www.semanticweb.org/abc/ontologies/2017/3/untitled-ontology-6#Religion3,http://www.semanticweb.org/abc/ontologies/2017/3/untitled-ontology-6#Name,Islam
http://www.semanticweb.org/abc/ontologies/2017/3/untitled-ontology-6#Occupation4,http://www.w3.org/1999/02/22-rdf-syntax-ns#type,http://www.w3.org/2002/07/owl#NamedIndividual
http://www.semanticweb.org/abc/ontologies/2017/3/untitled-ontology-6#Occupation4,http://www.w3.org/1999/02/22-rdf-syntax-ns#type,http://www.semanticweb.org/abc/ontologies/2017/3/untitled-ontology-6#Occupation
http://www.semanticweb.org/abc/ontologies/2017/3/untitled-ontology-6#Name,http://www.w3.org/1999/02/22-rdf-syntax-ns#type,http://www.w3.org/2002/07/owl#DatatypeProperty
http://www.semanticweb.org/abc/ontologies/2017/3/untitled-ontology-6#Name,http://www.w3.org/2000/01/rdf-schema#domain,http://www.semanticweb.org/abc/ontologies/2017/3/untitled-ontology-6#Thing
http://www.semanticweb.org/abc/ontologies/2017/3/untitled-ontology-6#Name,http://www.w3.org/2000/01/rdf-schema#range,http://www.w3.org/2001/XMLSchema#string
http://www.semanticweb.org/abc/ontologies/2017/3/untitled-ontology-6#Person,http://www.w3.org/1999/02/22-rdf-syntax-ns#type,http://www.w3.org/2002/07/owl#Class
http://www.semanticweb.org/abc/ontologies/2017/3/untitled-ontology-6#Language3,http://www.w3.org/1999/02/22-rdf-syntax-ns#type,http://www.w3.org/2002/07/owl#NamedIndividual
http://www.semanticweb.org/abc/ontologies/2017/3/untitled-ontology-6#Language3,http://www.w3.org/1999/02/22-rdf-syntax-ns#type,http://www.semanticweb.org/abc/ontologies/2017/3/untitled-ontology-6#Language
http://www.semanticweb.org/abc/ontologies/2017/3/untitled-ontology-6#Language3,http://www.semanticweb.org/abc/ontologies/2017/3/untitled-ontology-6#Name,Kurdish
http://www.semanticweb.org/abc/ontologies/2017/3/untitled-ontology-6#China,http://www.w3.org/2002/07/owl#disjointWith,http://www.semanticweb.org/abc/ontologies/2017/3/untitled-ontology-6#Japan
http://www.semanticweb.org/abc/ontologies/2017/3/untitled-ontology-6#China,http://www.w3.org/2002/07/owl#disjointWith,http://www.semanticweb.org/abc/ontologies/2017/3/untitled-ontology-6#Nepal
http://www.semanticweb.org/abc/ontologies/2017/3/untitled-ontology-6#China,http://www.w3.org/2002/07/owl#disjointWith,http://www.semanticweb.org/abc/ontologies/2017/3/untitled-ontology-6#Language
http://www.semanticweb.org/abc/ontologies/2017/3/untitled-ontology-6#China,http://www.w3.org/2002/07/owl#disjointWith,http://www.semanticweb.org/abc/ontologies/2017/3/untitled-ontology-6#ExportItem
http://www.semanticweb.org/abc/ontologies/2017/3/untitled-ontology-6#China,http://www.w3.org/2002/07/owl#disjointWith,http://www.semanticweb.org/abc/ontologies/2017/3/untitled-ontology-6#Religion
http://www.semanticweb.org/abc/ontologies/2017/3/untitled-ontology-6#China,http://www.w3.org/2002/07/owl#disjointWith,http://www.semanticweb.org/abc/ontologies/2017/3/untitled-ontology-6#Pakistan
http://www.semanticweb.org/abc/ontologies/2017/3/untitled-ontology-6#China,http://www.w3.org/2002/07/owl#disjointWith,http://www.semanticweb.org/abc/ontologies/2017/3/untitled-ontology-6#SouthKorea
http://www.semanticweb.org/abc/ontologies/2017/3/untitled-ontology-6#China,http://www.w3.org/2002/07/owl#disjointWith,http://www.semanticweb.org/abc/ontologies/2017/3/untitled-ontology-6#Money
http://www.semanticweb.org/abc/ontologies/2017/3/untitled-ontology-6#China,http://www.w3.org/2002/07/owl#disjointWith,http://www.semanticweb.org/abc/ontologies/2017/3/untitled-ontology-6#ImportItem
http://www.semanticweb.org/abc/ontologies/2017/3/untitled-ontology-6#China,http://www.w3.org/2002/07/owl#disjointWith,http://www.semanticweb.org/abc/ontologies/2017/3/untitled-ontology-6#Cities
http://www.semanticweb.org/abc/ontologies/2017/3/untitled-ontology-6#China,http://www.w3.org/2002/07/owl#disjointWith,http://www.semanticweb.org/abc/ontologies/2017/3/untitled-ontology-6#India
http://www.semanticweb.org/abc/ontologies/2017/3/untitled-ontology-6#China,http://www.w3.org/2002/07/owl#disjointWith,http://www.semanticweb.org/abc/ontologies/2017/3/untitled-ontology-6#Rulers
http://www.semanticweb.org/abc/ontologies/2017/3/untitled-ontology-6#China,http://www.w3.org/2002/07/owl#disjointWith,http://www.semanticweb.org/abc/ontologies/2017/3/untitled-ontology-6#GDP
http://www.semanticweb.org/abc/ontologies/2017/3/untitled-ontology-6#China,http://www.w3.org/2000/01/rdf-schema#subClassOf,http://www.semanticweb.org/abc/ontologies/2017/3/untitled-ontology-6#Country
http://www.semanticweb.org/abc/ontologies/2017/3/untitled-ontology-6#China,http://www.w3.org/2002/07/owl#disjointWith,http://www.semanticweb.org/abc/ontologies/2017/3/untitled-ontology-6#Thailand
http://www.semanticweb.org/abc/ontologies/2017/3/untitled-ontology-6#China,http://www.w3.org/2002/07/owl#disjointWith,http://www.semanticweb.org/abc/ontologies/2017/3/untitled-ontology-6#Sports
http://www.semanticweb.org/abc/ontologies/2017/3/untitled-ontology-6#China,http://www.w3.org/2002/07/owl#disjointWith,http://www.semanticweb.org/abc/ontologies/2017/3/untitled-ontology-6#Government
http://www.semanticweb.org/abc/ontologies/2017/3/untitled-ontology-6#China,http://www.w3.org/2002/07/owl#disjointWith,http://www.semanticweb.org/abc/ontologies/2017/3/untitled-ontology-6#Srilanka
http://www.semanticweb.org/abc/ontologies/2017/3/untitled-ontology-6#China,http://www.w3.org/2002/07/owl#disjointWith,http://www.semanticweb.org/abc/ontologies/2017/3/untitled-ontology-6#Organizations
http://www.semanticweb.org/abc/ontologies/2017/3/untitled-ontology-6#China,http://www.w3.org/2002/07/owl#disjointWith,http://www.semanticweb.org/abc/ontologies/2017/3/untitled-ontology-6#Mountains
http://www.semanticweb.org/abc/ontologies/2017/3/untitled-ontology-6#China,http://www.w3.org/2002/07/owl#disjointWith,http://www.semanticweb.org/abc/ontologies/2017/3/untitled-ontology-6#Items
http://www.semanticweb.org/abc/ontologies/2017/3/untitled-ontology-6#China,http://www.w3.org/2002/07/owl#disjointWith,http://www.semanticweb.org/abc/ontologies/2017/3/untitled-ontology-6#PM
http://www.semanticweb.org/abc/ontologies/2017/3/untitled-ontology-6#China,http://www.w3.org/2002/07/owl#disjointWith,http://www.semanticweb.org/abc/ontologies/2017/3/untitled-ontology-6#Iraq
http://www.semanticweb.org/abc/ontologies/2017/3/untitled-ontology-6#China,http://www.w3.org/2002/07/owl#disjointWith,http://www.semanticweb.org/abc/ontologies/2017/3/untitled-ontology-6#NorthKorea
http://www.semanticweb.org/abc/ontologies/2017/3/untitled-ontology-6#China,http://www.w3.org/2002/07/owl#disjointWith,http://www.semanticweb.org/abc/ontologies/2017/3/untitled-ontology-6#Occupation
http://www.semanticweb.org/abc/ontologies/2017/3/untitled-ontology-6#China,http://www.w3.org/1999/02/22-rdf-syntax-ns#type,http://www.w3.org/2002/07/owl#Class
http://www.semanticweb.org/abc/ontologies/2017/3/untitled-ontology-6#languages,http://www.w3.org/1999/02/22-rdf-syntax-ns#type,http://www.w3.org/2002/07/owl#ObjectProperty
http://www.semanticweb.org/abc/ontologies/2017/3/untitled-ontology-6#GDP7,http://www.w3.org/1999/02/22-rdf-syntax-ns#type,http://www.w3.org/2002/07/owl#NamedIndividual
http://www.semanticweb.org/abc/ontologies/2017/3/untitled-ontology-6#GDP7,http://www.w3.org/1999/02/22-rdf-syntax-ns#type,http://www.semanticweb.org/abc/ontologies/2017/3/untitled-ontology-6#GDP
http://www.semanticweb.org/abc/ontologies/2017/3/untitled-ontology-6#GDP7,http://www.semanticweb.org/abc/ontologies/2017/3/untitled-ontology-6#Amount,"1,275.30 USD"
http://www.semanticweb.org/abc/ontologies/2017/3/untitled-ontology-6#Cities10,http://www.w3.org/1999/02/22-rdf-syntax-ns#type,http://www.w3.org/2002/07/owl#NamedIndividual
http://www.semanticweb.org/abc/ontologies/2017/3/untitled-ontology-6#Cities10,http://www.w3.org/1999/02/22-rdf-syntax-ns#type,http://www.semanticweb.org/abc/ontologies/2017/3/untitled-ontology-6#Cities
http://www.semanticweb.org/abc/ontologies/2017/3/untitled-ontology-6#Cities10,http://www.semanticweb.org/abc/ontologies/2017/3/untitled-ontology-6#Name,Bangkok
http://www.semanticweb.org/abc/ontologies/2017/3/untitled-ontology-6#Government5,http://www.w3.org/1999/02/22-rdf-syntax-ns#type,http://www.w3.org/2002/07/owl#NamedIndividual
http://www.semanticweb.org/abc/ontologies/2017/3/untitled-ontology-6#Government5,http://www.w3.org/1999/02/22-rdf-syntax-ns#type,http://www.semanticweb.org/abc/ontologies/2017/3/untitled-ontology-6#Government
http://www.semanticweb.org/abc/ontologies/2017/3/untitled-ontology-6#Government5,http://www.semanticweb.org/abc/ontologies/2017/3/untitled-ontology-6#Name,Parliamentary republic
http://www.semanticweb.org/abc/ontologies/2017/3/untitled-ontology-6#MajorCities,http://www.w3.org/1999/02/22-rdf-syntax-ns#type,http://www.w3.org/2002/07/owl#ObjectProperty
http://www.semanticweb.org/abc/ontologies/2017/3/untitled-ontology-6#Thing,http://www.w3.org/1999/02/22-rdf-syntax-ns#type,http://www.w3.org/2002/07/owl#Class
http://www.semanticweb.org/abc/ontologies/2017/3/untitled-ontology-6#Government10,http://www.w3.org/1999/02/22-rdf-syntax-ns#type,http://www.w3.org/2002/07/owl#NamedIndividual
http://www.semanticweb.org/abc/ontologies/2017/3/untitled-ontology-6#Government10,http://www.w3.org/1999/02/22-rdf-syntax-ns#type,http://www.semanticweb.org/abc/ontologies/2017/3/untitled-ontology-6#Government
http://www.semanticweb.org/abc/ontologies/2017/3/untitled-ontology-6#Government10,http://www.semanticweb.org/abc/ontologies/2017/3/untitled-ontology-6#Name,Military junta
http://www.semanticweb.org/abc/ontologies/2017/3/untitled-ontology-6#PM9,http://www.w3.org/1999/02/22-rdf-syntax-ns#type,http://www.w3.org/2002/07/owl#NamedIndividual
http://www.semanticweb.org/abc/ontologies/2017/3/untitled-ontology-6#PM9,http://www.w3.org/1999/02/22-rdf-syntax-ns#type,http://www.semanticweb.org/abc/ontologies/2017/3/untitled-ontology-6#PM
http://www.semanticweb.org/abc/ontologies/2017/3/untitled-ontology-6#PM9,http://www.semanticweb.org/abc/ontologies/2017/3/untitled-ontology-6#First_name,Ranil
http://www.semanticweb.org/abc/ontologies/2017/3/untitled-ontology-6#PM9,http://www.semanticweb.org/abc/ontologies/2017/3/untitled-ontology-6#Last_name,Wickremesinghe
http://www.semanticweb.org/abc/ontologies/2017/3/untitled-ontology-6#ImportItem9,http://www.w3.org/1999/02/22-rdf-syntax-ns#type,http://www.w3.org/2002/07/owl#NamedIndividual
http://www.semanticweb.org/abc/ontologies/2017/3/untitled-ontology-6#ImportItem9,http://www.w3.org/1999/02/22-rdf-syntax-ns#type,http://www.semanticweb.org/abc/ontologies/2017/3/untitled-ontology-6#ImportItem
http://www.semanticweb.org/abc/ontologies/2017/3/untitled-ontology-6#GDP1,http://www.w3.org/1999/02/22-rdf-syntax-ns#type,http://www.w3.org/2002/07/owl#NamedIndividual
http://www.semanticweb.org/abc/ontologies/2017/3/untitled-ontology-6#GDP1,http://www.w3.org/1999/02/22-rdf-syntax-ns#type,http://www.semanticweb.org/abc/ontologies/2017/3/untitled-ontology-6#GDP
http://www.semanticweb.org/abc/ontologies/2017/3/untitled-ontology-6#GDP1,http://www.semanticweb.org/abc/ontologies/2017/3/untitled-ontology-6#Amount,"1,498.87 USD"
http://www.semanticweb.org/abc/ontologies/2017/3/untitled-ontology-6#ExportItem5,http://www.w3.org/1999/02/22-rdf-syntax-ns#type,http://www.w3.org/2002/07/owl#NamedIndividual
http://www.semanticweb.org/abc/ontologies/2017/3/untitled-ontology-6#ExportItem5,http://www.w3.org/1999/02/22-rdf-syntax-ns#type,http://www.semanticweb.org/abc/ontologies/2017/3/untitled-ontology-6#ExportItem
http://www.semanticweb.org/abc/ontologies/2017/3/untitled-ontology-6#ExportItem5,http://www.semanticweb.org/abc/ontologies/2017/3/untitled-ontology-6#Name,Textiles
http://www.semanticweb.org/abc/ontologies/2017/3/untitled-ontology-6#Religion8,http://www.w3.org/1999/02/22-rdf-syntax-ns#type,http://www.w3.org/2002/07/owl#NamedIndividual
http://www.semanticweb.org/abc/ontologies/2017/3/untitled-ontology-6#Religion8,http://www.w3.org/1999/02/22-rdf-syntax-ns#type,http://www.semanticweb.org/abc/ontologies/2017/3/untitled-ontology-6#Religion
http://www.semanticweb.org/abc/ontologies/2017/3/untitled-ontology-6#Religion8,http://www.semanticweb.org/abc/ontologies/2017/3/untitled-ontology-6#Name,Taoism
http://www.semanticweb.org/abc/ontologies/2017/3/untitled-ontology-6#Occupation9,http://www.w3.org/1999/02/22-rdf-syntax-ns#type,http://www.w3.org/2002/07/owl#NamedIndividual
http://www.semanticweb.org/abc/ontologies/2017/3/untitled-ontology-6#Occupation9,http://www.w3.org/1999/02/22-rdf-syntax-ns#type,http://www.semanticweb.org/abc/ontologies/2017/3/untitled-ontology-6#Occupation
http://www.semanticweb.org/abc/ontologies/2017/3/untitled-ontology-6#Cities4,http://www.w3.org/1999/02/22-rdf-syntax-ns#type,http://www.w3.org/2002/07/owl#NamedIndividual
http://www.semanticweb.org/abc/ontologies/2017/3/untitled-ontology-6#Cities4,http://www.w3.org/1999/02/22-rdf-syntax-ns#type,http://www.semanticweb.org/abc/ontologies/2017/3/untitled-ontology-6#Cities
http://www.semanticweb.org/abc/ontologies/2017/3/untitled-ontology-6#Cities4,http://www.semanticweb.org/abc/ontologies/2017/3/untitled-ontology-6#Name,Tokyo
http://www.semanticweb.org/abc/ontologies/2017/3/untitled-ontology-6#Money5,http://www.w3.org/1999/02/22-rdf-syntax-ns#type,http://www.w3.org/2002/07/owl#NamedIndividual
http://www.semanticweb.org/abc/ontologies/2017/3/untitled-ontology-6#Money5,http://www.w3.org/1999/02/22-rdf-syntax-ns#type,http://www.semanticweb.org/abc/ontologies/2017/3/untitled-ontology-6#Money
http://www.semanticweb.org/abc/ontologies/2017/3/untitled-ontology-6#Money5,http://www.semanticweb.org/abc/ontologies/2017/3/untitled-ontology-6#Name,Nepalese rupee
http://www.semanticweb.org/abc/ontologies/2017/3/untitled-ontology-6#Language8,http://www.w3.org/1999/02/22-rdf-syntax-ns#type,http://www.w3.org/2002/07/owl#NamedIndividual
http://www.semanticweb.org/abc/ontologies/2017/3/untitled-ontology-6#Language8,http://www.w3.org/1999/02/22-rdf-syntax-ns#type,http://www.semanticweb.org/abc/ontologies/2017/3/untitled-ontology-6#Language
http://www.semanticweb.org/abc/ontologies/2017/3/untitled-ontology-6#Language8,http://www.semanticweb.org/abc/ontologies/2017/3/untitled-ontology-6#Name,Korean
http://www.semanticweb.org/abc/ontologies/2017/3/untitled-ontology-6,http://www.w3.org/1999/02/22-rdf-syntax-ns#type,http://www.w3.org/2002/07/owl#Ontology
http://www.semanticweb.org/abc/ontologies/2017/3/untitled-ontology-6#Srilanka,http://www.w3.org/1999/02/22-rdf-syntax-ns#type,http://www.w3.org/2002/07/owl#Class
http://www.semanticweb.org/abc/ontologies/2017/3/untitled-ontology-6#Srilanka,http://www.w3.org/2000/01/rdf-schema#subClassOf,http://www.semanticweb.org/abc/ontologies/2017/3/untitled-ontology-6#Country
http://www.semanticweb.org/abc/ontologies/2017/3/untitled-ontology-6#PM3,http://www.w3.org/1999/02/22-rdf-syntax-ns#type,http://www.w3.org/2002/07/owl#NamedIndividual
http://www.semanticweb.org/abc/ontologies/2017/3/untitled-ontology-6#PM3,http://www.w3.org/1999/02/22-rdf-syntax-ns#type,http://www.semanticweb.org/abc/ontologies/2017/3/untitled-ontology-6#PM
http://www.semanticweb.org/abc/ontologies/2017/3/untitled-ontology-6#PM3,http://www.semanticweb.org/abc/ontologies/2017/3/untitled-ontology-6#First_name,Haider
http://www.semanticweb.org/abc/ontologies/2017/3/untitled-ontology-6#PM3,http://www.semanticweb.org/abc/ontologies/2017/3/untitled-ontology-6#Last_name,al-Abadi
http://www.semanticweb.org/abc/ontologies/2017/3/untitled-ontology-6#ImportItem3,http://www.w3.org/1999/02/22-rdf-syntax-ns#type,http://www.w3.org/2002/07/owl#NamedIndividual
http://www.semanticweb.org/abc/ontologies/2017/3/untitled-ontology-6#ImportItem3,http://www.w3.org/1999/02/22-rdf-syntax-ns#type,http://www.semanticweb.org/abc/ontologies/2017/3/untitled-ontology-6#ImportItem
http://www.semanticweb.org/abc/ontologies/2017/3/untitled-ontology-6#TwinCountry,http://www.w3.org/1999/02/22-rdf-syntax-ns#type,http://www.w3.org/2002/07/owl#ObjectProperty
http://www.semanticweb.org/abc/ontologies/2017/3/untitled-ontology-6#Religion2,http://www.w3.org/1999/02/22-rdf-syntax-ns#type,http://www.w3.org/2002/07/owl#NamedIndividual
http://www.semanticweb.org/abc/ontologies/2017/3/untitled-ontology-6#Religion2,http://www.w3.org/1999/02/22-rdf-syntax-ns#type,http://www.semanticweb.org/abc/ontologies/2017/3/untitled-ontology-6#Religion
http://www.semanticweb.org/abc/ontologies/2017/3/untitled-ontology-6#Religion2,http://www.semanticweb.org/abc/ontologies/2017/3/untitled-ontology-6#Name,Buddhism
http://www.semanticweb.org/abc/ontologies/2017/3/untitled-ontology-6#Occupation3,http://www.w3.org/1999/02/22-rdf-syntax-ns#type,http://www.w3.org/2002/07/owl#NamedIndividual
http://www.semanticweb.org/abc/ontologies/2017/3/untitled-ontology-6#Occupation3,http://www.w3.org/1999/02/22-rdf-syntax-ns#type,http://www.semanticweb.org/abc/ontologies/2017/3/untitled-ontology-6#Occupation
http://www.semanticweb.org/abc/ontologies/2017/3/untitled-ontology-6#Occupation3,http://www.semanticweb.org/abc/ontologies/2017/3/untitled-ontology-6#Name,Agriculture
http://www.semanticweb.org/abc/ontologies/2017/3/untitled-ontology-6#Religion10,http://www.w3.org/1999/02/22-rdf-syntax-ns#type,http://www.w3.org/2002/07/owl#NamedIndividual
http://www.semanticweb.org/abc/ontologies/2017/3/untitled-ontology-6#Religion10,http://www.w3.org/1999/02/22-rdf-syntax-ns#type,http://www.semanticweb.org/abc/ontologies/2017/3/untitled-ontology-6#Religion
http://www.semanticweb.org/abc/ontologies/2017/3/untitled-ontology-6#Religion10,http://www.semanticweb.org/abc/ontologies/2017/3/untitled-ontology-6#Name,Sikhism
http://www.semanticweb.org/abc/ontologies/2017/3/untitled-ontology-6#ImportItem10,http://www.w3.org/1999/02/22-rdf-syntax-ns#type,http://www.w3.org/2002/07/owl#NamedIndividual
http://www.semanticweb.org/abc/ontologies/2017/3/untitled-ontology-6#ImportItem10,http://www.w3.org/1999/02/22-rdf-syntax-ns#type,http://www.semanticweb.org/abc/ontologies/2017/3/untitled-ontology-6#ImportItem
http://www.semanticweb.org/abc/ontologies/2017/3/untitled-ontology-6#Language2,http://www.w3.org/1999/02/22-rdf-syntax-ns#type,http://www.w3.org/2002/07/owl#NamedIndividual
http://www.semanticweb.org/abc/ontologies/2017/3/untitled-ontology-6#Language2,http://www.w3.org/1999/02/22-rdf-syntax-ns#type,http://www.semanticweb.org/abc/ontologies/2017/3/untitled-ontology-6#Language
http://www.semanticweb.org/abc/ontologies/2017/3/untitled-ontology-6#Language2,http://www.semanticweb.org/abc/ontologies/2017/3/untitled-ontology-6#Name,Mandarin Chinese
http://www.semanticweb.org/abc/ontologies/2017/3/untitled-ontology-6#Sports,http://www.w3.org/1999/02/22-rdf-syntax-ns#type,http://www.w3.org/2002/07/owl#Class
http://www.semanticweb.org/abc/ontologies/2017/3/untitled-ontology-6#Sports,http://www.w3.org/2000/01/rdf-schema#subClassOf,http://www.semanticweb.org/abc/ontologies/2017/3/untitled-ontology-6#Thing
http://www.semanticweb.org/abc/ontologies/2017/3/untitled-ontology-6#GDP6,http://www.w3.org/1999/02/22-rdf-syntax-ns#type,http://www.w3.org/2002/07/owl#NamedIndividual
http://www.semanticweb.org/abc/ontologies/2017/3/untitled-ontology-6#GDP6,http://www.w3.org/1999/02/22-rdf-syntax-ns#type,http://www.semanticweb.org/abc/ontologies/2017/3/untitled-ontology-6#GDP
http://www.semanticweb.org/abc/ontologies/2017/3/untitled-ontology-6#GDP6,http://www.semanticweb.org/abc/ontologies/2017/3/untitled-ontology-6#Amount,583.00 USD
http://www.semanticweb.org/abc/ontologies/2017/3/untitled-ontology-6#Language,http://www.w3.org/1999/02/22-rdf-syntax-ns#type,http://www.w3.org/2002/07/owl#Class
http://www.semanticweb.org/abc/ontologies/2017/3/untitled-ontology-6#Language,http://www.w3.org/2000/01/rdf-schema#subClassOf,http://www.semanticweb.org/abc/ontologies/2017/3/untitled-ontology-6#Thing
http://www.semanticweb.org/abc/ontologies/2017/3/untitled-ontology-6#Government4,http://www.w3.org/1999/02/22-rdf-syntax-ns#type,http://www.w3.org/2002/07/owl#NamedIndividual
http://www.semanticweb.org/abc/ontologies/2017/3/untitled-ontology-6#Government4,http://www.w3.org/1999/02/22-rdf-syntax-ns#type,http://www.semanticweb.org/abc/ontologies/2017/3/untitled-ontology-6#Government
http://www.semanticweb.org/abc/ontologies/2017/3/untitled-ontology-6#Government4,http://www.semanticweb.org/abc/ontologies/2017/3/untitled-ontology-6#Name,Constitutional monarchy
http://www.semanticweb.org/abc/ontologies/2017/3/untitled-ontology-6#Cities9,http://www.w3.org/1999/02/22-rdf-syntax-ns#type,http://www.w3.org/2002/07/owl#NamedIndividual
http://www.semanticweb.org/abc/ontologies/2017/3/untitled-ontology-6#Cities9,http://www.w3.org/1999/02/22-rdf-syntax-ns#type,http://www.semanticweb.org/abc/ontologies/2017/3/untitled-ontology-6#Cities
http://www.semanticweb.org/abc/ontologies/2017/3/untitled-ontology-6#Cities9,http://www.semanticweb.org/abc/ontologies/2017/3/untitled-ontology-6#Name,Sri Jayawardenepura Kotte
http://www.semanticweb.org/abc/ontologies/2017/3/untitled-ontology-6#PM8,http://www.w3.org/1999/02/22-rdf-syntax-ns#type,http://www.w3.org/2002/07/owl#NamedIndividual
http://www.semanticweb.org/abc/ontologies/2017/3/untitled-ontology-6#PM8,http://www.w3.org/1999/02/22-rdf-syntax-ns#type,http://www.semanticweb.org/abc/ontologies/2017/3/untitled-ontology-6#PM
http://www.semanticweb.org/abc/ontologies/2017/3/untitled-ontology-6#PM8,http://www.semanticweb.org/abc/ontologies/2017/3/untitled-ontology-6#First_name,Hwang
http://www.semanticweb.org/abc/ontologies/2017/3/untitled-ontology-6#PM8,http://www.semanticweb.org/abc/ontologies/2017/3/untitled-ontology-6#Last_name,Kyo-ahn
http://www.semanticweb.org/abc/ontologies/2017/3/untitled-ontology-6#ImportItem8,http://www.w3.org/1999/02/22-rdf-syntax-ns#type,http://www.w3.org/2002/07/owl#NamedIndividual
http://www.semanticweb.org/abc/ontologies/2017/3/untitled-ontology-6#ImportItem8,http://www.w3.org/1999/02/22-rdf-syntax-ns#type,http://www.semanticweb.org/abc/ontologies/2017/3/untitled-ontology-6#ImportItem
http://www.semanticweb.org/abc/ontologies/2017/3/untitled-ontology-6#Last_name,http://www.w3.org/1999/02/22-rdf-syntax-ns#type,http://www.w3.org/2002/07/owl#DatatypeProperty
http://www.semanticweb.org/abc/ontologies/2017/3/untitled-ontology-6#Last_name,http://www.w3.org/2000/01/rdf-schema#domain,http://www.semanticweb.org/abc/ontologies/2017/3/untitled-ontology-6#Person
http://www.semanticweb.org/abc/ontologies/2017/3/untitled-ontology-6#Last_name,http://www.w3.org/2000/01/rdf-schema#range,http://www.w3.org/2001/XMLSchema#string
http://www.semanticweb.org/abc/ontologies/2017/3/untitled-ontology-6#Iraq,http://www.w3.org/1999/02/22-rdf-syntax-ns#type,http://www.w3.org/2002/07/owl#Class
http://www.semanticweb.org/abc/ontologies/2017/3/untitled-ontology-6#Iraq,http://www.w3.org/2000/01/rdf-schema#subClassOf,http://www.semanticweb.org/abc/ontologies/2017/3/untitled-ontology-6#Country
http://www.semanticweb.org/abc/ontologies/2017/3/untitled-ontology-6#Organizations,http://www.w3.org/1999/02/22-rdf-syntax-ns#type,http://www.w3.org/2002/07/owl#Class
http://www.semanticweb.org/abc/ontologies/2017/3/untitled-ontology-6#Organizations,http://www.w3.org/2000/01/rdf-schema#subClassOf,http://www.semanticweb.org/abc/ontologies/2017/3/untitled-ontology-6#Thing
http://www.semanticweb.org/abc/ontologies/2017/3/untitled-ontology-6#ExportItem4,http://www.w3.org/1999/02/22-rdf-syntax-ns#type,http://www.w3.org/2002/07/owl#NamedIndividual
http://www.semanticweb.org/abc/ontologies/2017/3/untitled-ontology-6#ExportItem4,http://www.w3.org/1999/02/22-rdf-syntax-ns#type,http://www.semanticweb.org/abc/ontologies/2017/3/untitled-ontology-6#ExportItem
http://www.semanticweb.org/abc/ontologies/2017/3/untitled-ontology-6#ExportItem4,http://www.semanticweb.org/abc/ontologies/2017/3/untitled-ontology-6#Name,Cars
http://www.semanticweb.org/abc/ontologies/2017/3/untitled-ontology-6#Religion7,http://www.w3.org/1999/02/22-rdf-syntax-ns#type,http://www.w3.org/2002/07/owl#NamedIndividual
http://www.semanticweb.org/abc/ontologies/2017/3/untitled-ontology-6#Religion7,http://www.w3.org/1999/02/22-rdf-syntax-ns#type,http://www.semanticweb.org/abc/ontologies/2017/3/untitled-ontology-6#Religion
http://www.semanticweb.org/abc/ontologies/2017/3/untitled-ontology-6#Religion7,http://www.semanticweb.org/abc/ontologies/2017/3/untitled-ontology-6#Name,Theravada Buddhist
http://www.semanticweb.org/abc/ontologies/2017/3/untitled-ontology-6#Occupation8,http://www.w3.org/1999/02/22-rdf-syntax-ns#type,http://www.w3.org/2002/07/owl#NamedIndividual
http://www.semanticweb.org/abc/ontologies/2017/3/untitled-ontology-6#Occupation8,http://www.w3.org/1999/02/22-rdf-syntax-ns#type,http://www.semanticweb.org/abc/ontologies/2017/3/untitled-ontology-6#Occupation
http://www.semanticweb.org/abc/ontologies/2017/3/untitled-ontology-6#Cities3,http://www.w3.org/1999/02/22-rdf-syntax-ns#type,http://www.w3.org/2002/07/owl#NamedIndividual
http://www.semanticweb.org/abc/ontologies/2017/3/untitled-ontology-6#Cities3,http://www.w3.org/1999/02/22-rdf-syntax-ns#type,http://www.semanticweb.org/abc/ontologies/2017/3/untitled-ontology-6#Cities
http://www.semanticweb.org/abc/ontologies/2017/3/untitled-ontology-6#Cities3,http://www.semanticweb.org/abc/ontologies/2017/3/untitled-ontology-6#Name,Tehran
http://www.semanticweb.org/abc/ontologies/2017/3/untitled-ontology-6#ImportItem,http://www.w3.org/1999/02/22-rdf-syntax-ns#type,http://www.w3.org/2002/07/owl#Class
http://www.semanticweb.org/abc/ontologies/2017/3/untitled-ontology-6#ImportItem,http://www.w3.org/2000/01/rdf-schema#subClassOf,http://www.semanticweb.org/abc/ontologies/2017/3/untitled-ontology-6#Thing
http://www.semanticweb.org/abc/ontologies/2017/3/untitled-ontology-6#Money4,http://www.w3.org/1999/02/22-rdf-syntax-ns#type,http://www.w3.org/2002/07/owl#NamedIndividual
http://www.semanticweb.org/abc/ontologies/2017/3/untitled-ontology-6#Money4,http://www.w3.org/1999/02/22-rdf-syntax-ns#type,http://www.semanticweb.org/abc/ontologies/2017/3/untitled-ontology-6#Money
http://www.semanticweb.org/abc/ontologies/2017/3/untitled-ontology-6#Money4,http://www.semanticweb.org/abc/ontologies/2017/3/untitled-ontology-6#Name,Japanese yen
http://www.semanticweb.org/abc/ontologies/2017/3/untitled-ontology-6#Language7,http://www.w3.org/1999/02/22-rdf-syntax-ns#type,http://www.w3.org/2002/07/owl#NamedIndividual
http://www.semanticweb.org/abc/ontologies/2017/3/untitled-ontology-6#Language7,http://www.w3.org/1999/02/22-rdf-syntax-ns#type,http://www.semanticweb.org/abc/ontologies/2017/3/untitled-ontology-6#Language
http://www.semanticweb.org/abc/ontologies/2017/3/untitled-ontology-6#Language7,http://www.semanticweb.org/abc/ontologies/2017/3/untitled-ontology-6#Name,Urdu
http://www.semanticweb.org/abc/ontologies/2017/3/untitled-ontology-6#PM2,http://www.w3.org/1999/02/22-rdf-syntax-ns#type,http://www.w3.org/2002/07/owl#NamedIndividual
http://www.semanticweb.org/abc/ontologies/2017/3/untitled-ontology-6#PM2,http://www.w3.org/1999/02/22-rdf-syntax-ns#type,http://www.semanticweb.org/abc/ontologies/2017/3/untitled-ontology-6#PM
http://www.semanticweb.org/abc/ontologies/2017/3/untitled-ontology-6#PM2,http://www.semanticweb.org/abc/ontologies/2017/3/untitled-ontology-6#First_name,Li
http://www.semanticweb.org/abc/ontologies/2017/3/untitled-ontology-6#PM2,http://www.semanticweb.org/abc/ontologies/2017/3/untitled-ontology-6#Last_name,Keqiang
http://www.semanticweb.org/abc/ontologies/2017/3/untitled-ontology-6#ImportItem2,http://www.w3.org/1999/02/22-rdf-syntax-ns#type,http://www.w3.org/2002/07/owl#NamedIndividual
http://www.semanticweb.org/abc/ontologies/2017/3/untitled-ontology-6#ImportItem2,http://www.w3.org/1999/02/22-rdf-syntax-ns#type,http://www.semanticweb.org/abc/ontologies/2017/3/untitled-ontology-6#ImportItem
http://www.semanticweb.org/abc/ontologies/2017/3/untitled-ontology-6#Government9,http://www.w3.org/1999/02/22-rdf-syntax-ns#type,http://www.w3.org/2002/07/owl#NamedIndividual
http://www.semanticweb.org/abc/ontologies/2017/3/untitled-ontology-6#Government9,http://www.w3.org/1999/02/22-rdf-syntax-ns#type,http://www.semanticweb.org/abc/ontologies/2017/3/untitled-ontology-6#Government
http://www.semanticweb.org/abc/ontologies/2017/3/untitled-ontology-6#Government9,http://www.semanticweb.org/abc/ontologies/2017/3/untitled-ontology-6#Name,Semi-presidential system
http://www.semanticweb.org/abc/ontologies/2017/3/untitled-ontology-6#Religion1,http://www.w3.org/1999/02/22-rdf-syntax-ns#type,http://www.w3.org/2002/07/owl#NamedIndividual
http://www.semanticweb.org/abc/ontologies/2017/3/untitled-ontology-6#Religion1,http://www.w3.org/1999/02/22-rdf-syntax-ns#type,http://www.semanticweb.org/abc/ontologies/2017/3/untitled-ontology-6#Religion
http://www.semanticweb.org/abc/ontologies/2017/3/untitled-ontology-6#Religion1,http://www.semanticweb.org/abc/ontologies/2017/3/untitled-ontology-6#Name,Hinduism
http://www.semanticweb.org/abc/ontologies/2017/3/untitled-ontology-6#Occupation2,http://www.w3.org/1999/02/22-rdf-syntax-ns#type,http://www.w3.org/2002/07/owl#NamedIndividual
http://www.semanticweb.org/abc/ontologies/2017/3/untitled-ontology-6#Occupation2,http://www.w3.org/1999/02/22-rdf-syntax-ns#type,http://www.semanticweb.org/abc/ontologies/2017/3/untitled-ontology-6#Occupation
http://www.semanticweb.org/abc/ontologies/2017/3/untitled-ontology-6#Items,http://www.w3.org/1999/02/22-rdf-syntax-ns#type,http://www.w3.org/2002/07/owl#Class
http://www.semanticweb.org/abc/ontologies/2017/3/untitled-ontology-6#Items,http://www.w3.org/2000/01/rdf-schema#subClassOf,http://www.semanticweb.org/abc/ontologies/2017/3/untitled-ontology-6#Thing
http://www.semanticweb.org/abc/ontologies/2017/3/untitled-ontology-6#Language1,http://www.w3.org/1999/02/22-rdf-syntax-ns#type,http://www.w3.org/2002/07/owl#NamedIndividual
http://www.semanticweb.org/abc/ontologies/2017/3/untitled-ontology-6#Language1,http://www.w3.org/1999/02/22-rdf-syntax-ns#type,http://www.semanticweb.org/abc/ontologies/2017/3/untitled-ontology-6#Language
http://www.semanticweb.org/abc/ontologies/2017/3/untitled-ontology-6#Language1,http://www.semanticweb.org/abc/ontologies/2017/3/untitled-ontology-6#Name,Hindi
http://www.semanticweb.org/abc/ontologies/2017/3/untitled-ontology-6#Occupation,http://www.w3.org/1999/02/22-rdf-syntax-ns#type,http://www.w3.org/2002/07/owl#Class
http://www.semanticweb.org/abc/ontologies/2017/3/untitled-ontology-6#Occupation,http://www.w3.org/2000/01/rdf-schema#subClassOf,http://www.semanticweb.org/abc/ontologies/2017/3/untitled-ontology-6#Thing
http://www.semanticweb.org/abc/ontologies/2017/3/untitled-ontology-6#Money10,http://www.w3.org/1999/02/22-rdf-syntax-ns#type,http://www.w3.org/2002/07/owl#NamedIndividual
http://www.semanticweb.org/abc/ontologies/2017/3/untitled-ontology-6#Money10,http://www.w3.org/1999/02/22-rdf-syntax-ns#type,http://www.semanticweb.org/abc/ontologies/2017/3/untitled-ontology-6#Money
http://www.semanticweb.org/abc/ontologies/2017/3/untitled-ontology-6#Money10,http://www.semanticweb.org/abc/ontologies/2017/3/untitled-ontology-6#Name,Thai baht
http://www.semanticweb.org/abc/ontologies/2017/3/untitled-ontology-6#GDP5,http://www.w3.org/1999/02/22-rdf-syntax-ns#type,http://www.w3.org/2002/07/owl#NamedIndividual
http://www.semanticweb.org/abc/ontologies/2017/3/untitled-ontology-6#GDP5,http://www.w3.org/1999/02/22-rdf-syntax-ns#type,http://www.semanticweb.org/abc/ontologies/2017/3/untitled-ontology-6#GDP
http://www.semanticweb.org/abc/ontologies/2017/3/untitled-ontology-6#GDP5,http://www.semanticweb.org/abc/ontologies/2017/3/untitled-ontology-6#Amount,694.10 USD
http://www.semanticweb.org/abc/ontologies/2017/3/untitled-ontology-6#Government3,http://www.w3.org/1999/02/22-rdf-syntax-ns#type,http://www.w3.org/2002/07/owl#NamedIndividual
http://www.semanticweb.org/abc/ontologies/2017/3/untitled-ontology-6#Government3,http://www.w3.org/1999/02/22-rdf-syntax-ns#type,http://www.semanticweb.org/abc/ontologies/2017/3/untitled-ontology-6#Government
http://www.semanticweb.org/abc/ontologies/2017/3/untitled-ontology-6#Government3,http://www.semanticweb.org/abc/ontologies/2017/3/untitled-ontology-6#Name,Federal republic
http://www.semanticweb.org/abc/ontologies/2017/3/untitled-ontology-6#ExportItem9,http://www.w3.org/1999/02/22-rdf-syntax-ns#type,http://www.w3.org/2002/07/owl#NamedIndividual
http://www.semanticweb.org/abc/ontologies/2017/3/untitled-ontology-6#ExportItem9,http://www.w3.org/1999/02/22-rdf-syntax-ns#type,http://www.semanticweb.org/abc/ontologies/2017/3/untitled-ontology-6#ExportItem
http://www.semanticweb.org/abc/ontologies/2017/3/untitled-ontology-6#ExportItem9,http://www.semanticweb.org/abc/ontologies/2017/3/untitled-ontology-6#Name,Fish
http://www.semanticweb.org/abc/ontologies/2017/3/untitled-ontology-6#Cities8,http://www.w3.org/1999/02/22-rdf-syntax-ns#type,http://www.w3.org/2002/07/owl#NamedIndividual
http://www.semanticweb.org/abc/ontologies/2017/3/untitled-ontology-6#Cities8,http://www.w3.org/1999/02/22-rdf-syntax-ns#type,http://www.semanticweb.org/abc/ontologies/2017/3/untitled-ontology-6#Cities
http://www.semanticweb.org/abc/ontologies/2017/3/untitled-ontology-6#Cities8,http://www.semanticweb.org/abc/ontologies/2017/3/untitled-ontology-6#Name,Seoul
http://www.semanticweb.org/abc/ontologies/2017/3/untitled-ontology-6#Money9,http://www.w3.org/1999/02/22-rdf-syntax-ns#type,http://www.w3.org/2002/07/owl#NamedIndividual
http://www.semanticweb.org/abc/ontologies/2017/3/untitled-ontology-6#Money9,http://www.w3.org/1999/02/22-rdf-syntax-ns#type,http://www.semanticweb.org/abc/ontologies/2017/3/untitled-ontology-6#Money
http://www.semanticweb.org/abc/ontologies/2017/3/untitled-ontology-6#Money9,http://www.semanticweb.org/abc/ontologies/2017/3/untitled-ontology-6#Name,Sri Lankan rupee
http://www.semanticweb.org/abc/ontologies/2017/3/untitled-ontology-6#PrimaryOccupation,http://www.w3.org/1999/02/22-rdf-syntax-ns#type,http://www.w3.org/2002/07/owl#ObjectProperty
http://www.semanticweb.org/abc/ontologies/2017/3/untitled-ontology-6#GDP,http://www.w3.org/1999/02/22-rdf-syntax-ns#type,http://www.w3.org/2002/07/owl#ObjectProperty
http://www.semanticweb.org/abc/ontologies/2017/3/untitled-ontology-6#GDP,http://www.w3.org/1999/02/22-rdf-syntax-ns#type,http://www.w3.org/2002/07/owl#Class
http://www.semanticweb.org/abc/ontologies/2017/3/untitled-ontology-6#GDP,http://www.w3.org/2000/01/rdf-schema#subClassOf,http://www.semanticweb.org/abc/ontologies/2017/3/untitled-ontology-6#Thing
http://www.semanticweb.org/abc/ontologies/2017/3/untitled-ontology-6#PM7,http://www.w3.org/1999/02/22-rdf-syntax-ns#type,http://www.w3.org/2002/07/owl#NamedIndividual
http://www.semanticweb.org/abc/ontologies/2017/3/untitled-ontology-6#PM7,http://www.w3.org/1999/02/22-rdf-syntax-ns#type,http://www.semanticweb.org/abc/ontologies/2017/3/untitled-ontology-6#PM
http://www.semanticweb.org/abc/ontologies/2017/3/untitled-ontology-6#PM7,http://www.semanticweb.org/abc/ontologies/2017/3/untitled-ontology-6#First_name,Nawaz
http://www.semanticweb.org/abc/ontologies/2017/3/untitled-ontology-6#PM7,http://www.semanticweb.org/abc/ontologies/2017/3/untitled-ontology-6#Last_name,Sharif
http://www.semanticweb.org/abc/ontologies/2017/3/untitled-ontology-6#ImportItem7,http://www.w3.org/1999/02/22-rdf-syntax-ns#type,http://www.w3.org/2002/07/owl#NamedIndividual
http://www.semanticweb.org/abc/ontologies/2017/3/untitled-ontology-6#ImportItem7,http://www.w3.org/1999/02/22-rdf-syntax-ns#type,http://www.semanticweb.org/abc/ontologies/2017/3/untitled-ontology-6#ImportItem
http://www.semanticweb.org/abc/ontologies/2017/3/untitled-ontology-6#ExportItem3,http://www.w3.org/1999/02/22-rdf-syntax-ns#type,http://www.w3.org/2002/07/owl#NamedIndividual
http://www.semanticweb.org/abc/ontologies/2017/3/untitled-ontology-6#ExportItem3,http://www.w3.org/1999/02/22-rdf-syntax-ns#type,http://www.semanticweb.org/abc/ontologies/2017/3/untitled-ontology-6#ExportItem
http://www.semanticweb.org/abc/ontologies/2017/3/untitled-ontology-6#ExportItem3,http://www.semanticweb.org/abc/ontologies/2017/3/untitled-ontology-6#Name,Crude Oil
http://www.semanticweb.org/abc/ontologies/2017/3/untitled-ontology-6#Language10,http://www.w3.org/1999/02/22-rdf-syntax-ns#type,http://www.w3.org/2002/07/owl#NamedIndividual
http://www.semanticweb.org/abc/ontologies/2017/3/untitled-ontology-6#Language10,http://www.w3.org/1999/02/22-rdf-syntax-ns#type,http://www.semanticweb.org/abc/ontologies/2017/3/untitled-ontology-6#Language
http://www.semanticweb.org/abc/ontologies/2017/3/untitled-ontology-6#Language10,http://www.semanticweb.org/abc/ontologies/2017/3/untitled-ontology-6#Name,Thai
http://www.semanticweb.org/abc/ontologies/2017/3/untitled-ontology-6#Occupation7,http://www.w3.org/1999/02/22-rdf-syntax-ns#type,http://www.w3.org/2002/07/owl#NamedIndividual
http://www.semanticweb.org/abc/ontologies/2017/3/untitled-ontology-6#Occupation7,http://www.w3.org/1999/02/22-rdf-syntax-ns#type,http://www.semanticweb.org/abc/ontologies/2017/3/untitled-ontology-6#Occupation
http://www.semanticweb.org/abc/ontologies/2017/3/untitled-ontology-6#Religion6,http://www.w3.org/1999/02/22-rdf-syntax-ns#type,http://www.w3.org/2002/07/owl#NamedIndividual
http://www.semanticweb.org/abc/ontologies/2017/3/untitled-ontology-6#Religion6,http://www.w3.org/1999/02/22-rdf-syntax-ns#type,http://www.semanticweb.org/abc/ontologies/2017/3/untitled-ontology-6#Religion
http://www.semanticweb.org/abc/ontologies/2017/3/untitled-ontology-6#Religion6,http://www.semanticweb.org/abc/ontologies/2017/3/untitled-ontology-6#Name,Christianity
